<?xml version="1.0" encoding="utf-8"?>
<asx:abap xmlns:asx="http://www.sap.com/abapxml" version="1.0">
 <asx:values>
  <DATA>
   <MASTER_LANGUAGE>D</MASTER_LANGUAGE>
   <STARTING_FOLDER>/src/</STARTING_FOLDER>
   <FOLDER_LOGIC>PREFIX</FOLDER_LOGIC>
   <IGNORE>
    <item>/.gitignore</item>
    <item>/LICENSE</item>
    <item>/README.md</item>
    <item>/package.json</item>
    <item>/.travis.yml</item>
   </IGNORE>
   <REQUIREMENTS>
    <item>
     <COMPONENT>SAP_BASIS</COMPONENT>
     <MIN_RELEASE>740</MIN_RELEASE>
     <MIN_PATCH>013</MIN_PATCH>
    </item>
   </REQUIREMENTS>
  </DATA>
 </asx:values>
</asx:abap>
