<?xml version="1.0" encoding="utf-8"?>
<abapGit version="v1.0.0" serializer="LCL_OBJECT_SHLP" serializer_version="v1.0.0">
 <asx:abap xmlns:asx="http://www.sap.com/abapxml" version="1.0">
  <asx:values>
   <DD30V>
    <SHLPNAME>ZH_TRKORR</SHLPNAME>
    <DDLANGUAGE>D</DDLANGUAGE>
    <DDTEXT>Suchhilfe zum Transportauftrag (TA EXP/IMP Tool)</DDTEXT>
    <ISSIMPLE>X</ISSIMPLE>
    <SELMETHOD>E070</SELMETHOD>
    <SELMTYPE>X</SELMTYPE>
    <TEXTTAB>E07T</TEXTTAB>
    <DIALOGTYPE>A</DIALOGTYPE>
    <FUZZY_SIMILARITY>0.8</FUZZY_SIMILARITY>
   </DD30V>
   <DD32P_TABLE>
    <DD32P>
     <SHLPNAME>ZH_TRKORR</SHLPNAME>
     <FIELDNAME>TRKORR</FIELDNAME>
     <FLPOSITION>0001</FLPOSITION>
     <ROLLNAME>TRKORR</ROLLNAME>
     <SHLPOUTPUT>X</SHLPOUTPUT>
     <SHLPLISPOS>01</SHLPLISPOS>
     <SCRLEN3>20</SCRLEN3>
    </DD32P>
    <DD32P>
     <SHLPNAME>ZH_TRKORR</SHLPNAME>
     <FIELDNAME>AS4TEXT</FIELDNAME>
     <FLPOSITION>0002</FLPOSITION>
     <ROLLNAME>AS4TEXT</ROLLNAME>
     <SHLPSELPOS>01</SHLPSELPOS>
     <SHLPLISPOS>02</SHLPLISPOS>
     <SCRLEN3>18</SCRLEN3>
    </DD32P>
    <DD32P>
     <SHLPNAME>ZH_TRKORR</SHLPNAME>
     <FIELDNAME>TRFUNCTION</FIELDNAME>
     <FLPOSITION>0003</FLPOSITION>
     <ROLLNAME>TRFUNCTION</ROLLNAME>
     <SHLPSELPOS>02</SHLPSELPOS>
     <SHLPLISPOS>03</SHLPLISPOS>
    </DD32P>
    <DD32P>
     <SHLPNAME>ZH_TRKORR</SHLPNAME>
     <FIELDNAME>TRSTATUS</FIELDNAME>
     <FLPOSITION>0004</FLPOSITION>
     <ROLLNAME>TRSTATUS</ROLLNAME>
     <SHLPSELPOS>03</SHLPSELPOS>
     <SHLPLISPOS>04</SHLPLISPOS>
     <DEFAULTVAL>&apos;R&apos;</DEFAULTVAL>
     <DEFAULTTYP>L</DEFAULTTYP>
     <SCRLEN3>20</SCRLEN3>
    </DD32P>
    <DD32P>
     <SHLPNAME>ZH_TRKORR</SHLPNAME>
     <FIELDNAME>AS4USER</FIELDNAME>
     <FLPOSITION>0005</FLPOSITION>
     <ROLLNAME>TR_AS4USER</ROLLNAME>
     <SHLPSELPOS>04</SHLPSELPOS>
     <SHLPLISPOS>05</SHLPLISPOS>
     <DEFAULTVAL>SY-UNAME</DEFAULTVAL>
     <DEFAULTTYP>S</DEFAULTTYP>
     <SCRLEN3>20</SCRLEN3>
    </DD32P>
    <DD32P>
     <SHLPNAME>ZH_TRKORR</SHLPNAME>
     <FIELDNAME>AS4DATE</FIELDNAME>
     <FLPOSITION>0006</FLPOSITION>
     <ROLLNAME>AS4DATE</ROLLNAME>
     <SHLPSELPOS>05</SHLPSELPOS>
     <SHLPLISPOS>06</SHLPLISPOS>
     <SCRLEN3>18</SCRLEN3>
    </DD32P>
    <DD32P>
     <SHLPNAME>ZH_TRKORR</SHLPNAME>
     <FIELDNAME>AS4TIME</FIELDNAME>
     <FLPOSITION>0007</FLPOSITION>
     <ROLLNAME>AS4TIME</ROLLNAME>
     <SHLPSELPOS>06</SHLPSELPOS>
     <SHLPLISPOS>07</SHLPLISPOS>
     <SCRLEN3>18</SCRLEN3>
    </DD32P>
   </DD32P_TABLE>
  </asx:values>
 </asx:abap>
</abapGit>
