<?xml version="1.0" encoding="utf-8"?>
<abapGit version="v1.0.0" serializer="LCL_OBJECT_SICF" serializer_version="v1.0.0">
 <asx:abap xmlns:asx="http://www.sap.com/abapxml" version="1.0">
  <asx:values>
   <URL>/sap/bc/webdynpro/sap/ZWD_A_TA_FILE/</URL>
   <ICFSERVICE>
    <ICF_NAME>ZWD_A_TA_FILE</ICF_NAME>
    <ORIG_NAME>ZWD_A_TA_FILE</ORIG_NAME>
   </ICFSERVICE>
   <ICFDOCU>
    <ICF_NAME>ZWD_A_TA_FILE</ICF_NAME>
    <ICF_LANGU>D</ICF_LANGU>
    <ICF_DOCU>Transportauftrag Files EXP/IMP</ICF_DOCU>
   </ICFDOCU>
  </asx:values>
 </asx:abap>
</abapGit>
